Item name,Cost
errfdgfdhggdf,156.631561
dfsgdfsgdfsg,78.16154
fgdfsgdfg,25.3516165
fdgfsdgfdgdfsg,188.635516516

Total,448.780234016
Tip,89.7560468032
Grand Total,538.5362808192
